Filename,LicensePlate
gzgHQN7NB_blue_False.jpg,gzgHQN7NB
bjj7605MS_blue_False.jpg,bjj7605MS
sdlT3N6YH_blue_False.jpg,sdlT3N6YH
gzg2W3FA6_blue_False.jpg,gzg2W3EA6
hnq1NM90B_blue_False.jpg,hnq1NM90B
shhQS005Q_blue_False.jpg,shhQS005Q
jxg35VU2Z_blue_False.jpg,jxg35VU2Z
bjj0JPLBY_blue_False.jpg,bjj0JPLBY
jljV5LYZ7_blue_False.jpg,jljV5LYZ7
sccJGN3R8_blue_False.jpg,sccJGN3R8
nmgnmgRM534Y_blue_False.jpg,nmgnmgRM534Y
tjjGDKAQK_blue_False.jpg,tjjGDKAQK
qhqWD8JY3_blue_False.jpg,qhqWD8JY3
xjxEAN8VW_blue_False.jpg,xjxFAN8VW
ahyEG1UFQ_blue_False.jpg,ahyFG1UFQ
jljS4MPXU_blue_False.jpg,jljS4MPXU
shhMSPKJW_blue_False.jpg,shhMSPKJW
gsgCQ1PC2_blue_False.jpg,gsgCQLPC2
sccY8N16A_blue_False.jpg,sccY8N16A
gxgCUCYS8_blue_False.jpg,gxgCUCYS8
sxj0H4GB6_blue_False.jpg,sxj0H4GB6
sxj4GLKSK_blue_False.jpg,sxj4GLKSK
nxn9FGZW4_blue_False.jpg,nxn9FGZW4
ynnX33VL0_blue_False.jpg,ynnX33VL0
hnqF6L41G_blue_False.jpg,hnqF6L41G
sccRW7QVR_blue_False.jpg,sccRW7QVR
nxn38KP8Y_blue_False.jpg,nxn38KP8Y
shh63J550_blue_False.jpg,shh63J550
fjmAU31LQ_blue_False.jpg,fjmAU31LQ
cqyHNWG9P_blue_False.jpg,cqyHNWG9P
ahyE15T25_blue_False.jpg,ahyFT5T25
hbjJWRRT1_blue_False.jpg,hbjJWRRT1
sccGVUDYX_blue_False.jpg,sccGVUDYX
hbe66D6UX_blue_False.jpg,hbe66D6UX
hnxSSRQGP_blue_False.jpg,hnxSSRQGP
nmgnmgDU18E1_blue_False.jpg,nmgnmgDU18F1
hbeK8M1V4_blue_False.jpg,hbeK8M1V4
hbjULDB2Q_blue_False.jpg,hbjULDB2Q
hnqJ7D4K9_blue_False.jpg,hnqJ7D4K9
jxg1Q2LWH_blue_False.jpg,jxg1Q2LWH
jxgD79MVL_blue_False.jpg,jxgD79MVL
sdl1162U2_blue_False.jpg,sdl1T62U2
ahyX9X4S0_blue_False.jpg,ahyX9X4S0
cqyFCYK19_blue_False.jpg,cqyFCYKT9
hny65A4MZ_blue_False.jpg,hny65A4MZ
cqy968RGJ_blue_False.jpg,cqy968RGJ
tjjFV80KD_blue_False.jpg,tjjFV80KD
xzzY3U9A2_blue_False.jpg,xzzY3U9A2
gzgLW3A4Z_blue_False.jpg,gzgLW3A4Z
xzzVYDZ19_blue_False.jpg,xzzVYDZ19
jssT95N3C_blue_False.jpg,jssT95N3C
ynnQAUBCU_blue_False.jpg,ynnQAUBCU
hbjCYYNVU_blue_False.jpg,hbjCYYNVU
sdlT8X32N_blue_False.jpg,sdlT8X32N
tjj0S6C0A_blue_False.jpg,tjj0S6C0A
fjmB1LT8L_blue_False.jpg,fjmBTLT8L
hnyJA102V_blue_False.jpg,hnyJAL02V
nxn2BJ0P7_blue_False.jpg,nxn2BJ0P7
jssMTAPH6_blue_False.jpg,jssMTAPH6
gdyD4SNTL_blue_False.jpg,gdyD4SNLL
shhMX7CWE_blue_False.jpg,shhMX7CWF
hbj2C7J3Z_blue_False.jpg,hbj2C7J3Z
jljXNF12Q_blue_False.jpg,jljXNF12Q
gsgSX9M94_blue_False.jpg,gsgSX9M94
hnqSKX9RW_blue_False.jpg,hnqSKX9RW
sccQG3V5N_blue_False.jpg,sccQG3V5N
gzgAAUMLT_blue_False.jpg,gzgAAUMLT
ahy48T7UY_blue_False.jpg,ahy48T7UY
hnyT3ST13_blue_False.jpg,hnyT3ST13
shh8SG6YH_blue_False.jpg,shh8SG6YH
sdlQD3QYH_blue_False.jpg,sdlQD3QYH
cqyL1H43S_blue_False.jpg,cqyLTH43S
hnxPPW8MN_blue_False.jpg,hnxPPW8MN
zjzU4246V_blue_False.jpg,zjzU4246V
gzg3ABNF4_blue_False.jpg,gzg3ABNF4
nmgnmgFCHPL0_blue_False.jpg,nmgnmgFCHPL0
hnyLXUDH6_blue_False.jpg,hnyLXUDH6
jssWHHQ43_blue_False.jpg,jssWHHQ43
gsgB6WMQF_blue_False.jpg,gsgB6WMQF
shhX68ERN_blue_False.jpg,shhX68ERN
cqy8TGH8Q_blue_False.jpg,cqy8TGH8Q
lnlCAHG88_blue_False.jpg,lnlCAHG88
hljhQ62ABN_blue_False.jpg,hljhQ62ABN
nxnB5UX02_blue_False.jpg,nxnB5UX02
fjmU6CYVT_blue_False.jpg,fjmU6CYVT
jssB4Z22D_blue_False.jpg,jssB4Z22D
tjjT0PJR2_blue_False.jpg,tjjT0PJR2
sxs87JV60_blue_False.jpg,sxs87JV60
xjxC951E3_blue_False.jpg,xjxC951F3
nxnGNEYEC_blue_False.jpg,nxnGNFYFC
gsg5VYCL0_blue_False.jpg,gsg5VYCL0
hbjV0K5U3_blue_False.jpg,hbjV0K5U3
tjjQQ1W3F_blue_False.jpg,tjjQQLW3F
zjzGZYWJV_blue_False.jpg,zjzGZYWJV
hnq5MVC5N_blue_False.jpg,hnq5MVC5N
xzz56T11U_blue_False.jpg,xzz56T11U
gxgDKFT17_blue_False.jpg,gxgDKFT17
gzgLACHC9_blue_False.jpg,gzgLACHC9
sxsDMKRYM_blue_False.jpg,sxsDMKRYM
bjjQ1FG6A_blue_False.jpg,bjjQTFG6A
gzgWCDL13_blue_False.jpg,gzgWCDL13
ynnJKVNS8_blue_False.jpg,ynnJKVNS8
sxs5SW7EN_blue_False.jpg,sxs5SW7FN
gxgDFWQCM_blue_False.jpg,gxgDFWQCM
ynnG2LSF1_blue_False.jpg,ynnG2LSF1
cqyNZCDCY_blue_False.jpg,cqyNZCDCY
gsgPKJPLW_blue_False.jpg,gsgPKJPLW
jxgFWUZJV_blue_False.jpg,jxgFWUZJV
hljhM62WTV_blue_False.jpg,hljhM62WTV
bjjW8B58Y_blue_False.jpg,bjjW8B58Y
jlj5752MF_blue_False.jpg,jlj5752MF
zjzX96WWX_blue_False.jpg,zjzX96WWX
tjj3GRU3C_blue_False.jpg,tjj3GRU3C
hnyGJ8F16_blue_False.jpg,hnyGJ8ET6
sxsLE5E7F_blue_False.jpg,sxsLF5E7F
gzg72EVYU_blue_False.jpg,gzg72FVYU
sdl6PQ4JS_blue_False.jpg,sdl6PQ4JS
gsgWP2BXS_blue_False.jpg,gsgWP2BXS
gxgBVG16F_blue_False.jpg,gxgBVG16F
xzzEFM1RP_blue_False.jpg,xzzFFM1RP
xjx083YVK_blue_False.jpg,xjx083YVK
sxjR54BPF_blue_False.jpg,sxjR54BPF
sdl9BLXWV_blue_False.jpg,sdl9BLXWV
fjmYBZ5A4_blue_False.jpg,fjmYBZ5A4
hljh6TMZGW_blue_False.jpg,hljh6TMZGW
sxsAGFW0W_blue_False.jpg,sxsAGFW0W
hnq19X8QV_blue_False.jpg,hnq19X8QV
gxgEGC1GB_blue_False.jpg,gxgFGC1GB
jxg6J88PN_blue_False.jpg,jxg6J88PN
ynnGHV0GZ_blue_False.jpg,ynnGHV0GZ
hljhF0ZEB1_blue_False.jpg,hljhF0ZEB1
gdyVRG961_blue_False.jpg,gdyVRG961
tjjUD1U00_blue_False.jpg,tjjUDLU00
hbj9WJ6AG_blue_False.jpg,hbj9WJ6AG
cqyVYFUCY_blue_False.jpg,cqyVYFUCY
hbj9GRSFS_blue_False.jpg,hbj9GRSFS
ynn5H81BW_blue_False.jpg,ynn5H81BW
lnlWLRAM0_blue_False.jpg,lnlWLRAM0
shhT1UTV6_blue_False.jpg,shhTTUTV6
hnxBBNALC_blue_False.jpg,hnxBBNALC
hnxB5HYRY_blue_False.jpg,hnxB5HYRY
shhNFAY9V_blue_False.jpg,shhNFAY9V
zjzNL41X2_blue_False.jpg,zjzNL41X2
hny4DWCP0_blue_False.jpg,hny4DWCP0
hnyCQ8S2U_blue_False.jpg,hnyCQ8S2U
ynn8US4QT_blue_False.jpg,ynn8US4QT
hnq34DMGE_blue_False.jpg,hnq34DMGF
sxsLAY3R6_blue_False.jpg,sxsLAY3R6
cqy2B7STQ_blue_False.jpg,cqy2B7STQ
nmgnmg2RH0EU_blue_False.jpg,nmgnmg2RH0FU
qhqW6VUR1_blue_False.jpg,qhqW6VUR1
gzgCFPMZ5_blue_False.jpg,gzgCFPMZ5
gsgYP2QWF_blue_False.jpg,gsgYP2QWF
scc0B34C2_blue_False.jpg,scc0B34C2
hbeQ751J6_blue_False.jpg,hbeQ751J6
jljS23RQG_blue_False.jpg,jljS23RQG
jljP06EMK_blue_False.jpg,jljP06EMK
jss8PRK1P_blue_False.jpg,jss8PRK1P
hnxV0RJ0T_blue_False.jpg,hnxV0RJ0T
jxg5B7LL9_blue_False.jpg,jxg5B7LL9
hbeLQYHT1_blue_False.jpg,hbeLQYHL1
gxg6Y40LG_blue_False.jpg,gxg6Y40LG
gdy5L04KE_blue_False.jpg,gdy5L04KF
fjmWDKTS2_blue_False.jpg,fjmWDKTS2
shh3DWFTG_blue_False.jpg,shh3DWETG
jxg32BZ22_blue_False.jpg,jxg32BZ22
hnyE6J6Y9_blue_False.jpg,hnyF6J6Y9
shh4FXR5A_blue_False.jpg,shh4FXR5A
hnq624NQK_blue_False.jpg,hnq624NQK
shhADYZY0_blue_False.jpg,shhADYZY0
hnxUEYVDM_blue_False.jpg,hnxUFYVDM
hnqMHUVSN_blue_False.jpg,hnqMHUVSN
jssQKLMY6_blue_False.jpg,jssQKLMY6
nmgnmg41RF91_blue_False.jpg,nmgnmg4TRE91
sxj8CF758_blue_False.jpg,sxj8CF758
sdlBBGQL8_blue_False.jpg,sdlBBGQL8
gdyNWM9LR_blue_False.jpg,gdyNWM9LR
gzgVFL1PY_blue_False.jpg,gzgVFL1PY
xjxX5NWNA_blue_False.jpg,xjxX5NWNA
nxn5DW5JZ_blue_False.jpg,nxn5DW5JZ
sxjJCLT1L_blue_False.jpg,sxjJCLT1L
nxnKWFDPD_blue_False.jpg,nxnKWFDPD
sxjN29R7H_blue_False.jpg,sxjN29R7H
hljh1DS2H2_blue_False.jpg,hljh1DS2H2
bjj3JL1JE_blue_False.jpg,bjj3JL1JF
sdl381APP_blue_False.jpg,sdl38LAPP
bjjKG9FH5_blue_False.jpg,bjjKG9EH5
nxnKJ1LWF_blue_False.jpg,nxnKJLLWF
nxnXRG0XF_blue_False.jpg,nxnXRG0XF
sxs1YEXVQ_blue_False.jpg,sxs1YFXVQ
lnlCYVH8Q_blue_False.jpg,lnlCYVH8Q
lnlYANZFA_blue_False.jpg,lnlYANZFA
qhqJEL1QT_blue_False.jpg,qhqJFL1QT
xzzGL94GX_blue_False.jpg,xzzGL94GX
gzgSRATL2_blue_False.jpg,gzgSRATT2
zjzDFW3R3_blue_False.jpg,zjzDFW3R3
fjm374HYR_blue_False.jpg,fjm374HYR
sccAL6GDP_blue_False.jpg,sccAL6GDP
cqyUFUMXG_blue_False.jpg,cqyUFUMXG
tjjXS5K3B_blue_False.jpg,tjjXS5K3B
sxs2U28B8_blue_False.jpg,sxs2U28B8
sxjTXGX3C_blue_False.jpg,sxjTXGX3C
sxjP0G78S_blue_False.jpg,sxjP0G78S
qhqDNH8VY_blue_False.jpg,qhqDNH8VY
hnxPU5RS5_blue_False.jpg,hnxPU5RS5
gdyAGVZBS_blue_False.jpg,gdyAGVZBS
nmgnmg9GEKWC_blue_False.jpg,nmgnmg9GFKWC
hnqNC690N_blue_False.jpg,hnqNC690N
gsgBEF86R_blue_False.jpg,gsgBFF86R
cqy7EPGZU_blue_False.jpg,cqy7FPGZU
bjjD6C52Q_blue_False.jpg,bjjD6C52Q
hnqGYFJ7E_blue_False.jpg,hnqGYFJ7F
cqyMFBVSN_blue_False.jpg,cqyMFBVSN
hljhD9UR7M_blue_False.jpg,hljhD9UR7M
ynnUDKCRT_blue_False.jpg,ynnUDKCRT
qhqYFXPX7_blue_False.jpg,qhqYFXPX7
shh89ENV1_blue_False.jpg,shh89FNV1
fjmEYBXBS_blue_False.jpg,fjmFYBXBS
hbjUHFDPN_blue_False.jpg,hbjUHFDPN
hljh4JK3BW_blue_False.jpg,hljh4JK3BW
zjzCSVLRV_blue_False.jpg,zjzCSVLRV
hnyC9RBT0_blue_False.jpg,hnyC9RB10
hbe6UZDCE_blue_False.jpg,hbe6UZDCF
zjzU042N1_blue_False.jpg,zjzU042N1
qhqRD4C5V_blue_False.jpg,qhqRD4C5V
shhNHY9NP_blue_False.jpg,shhNHY9NP
lnlEVZU9C_blue_False.jpg,lnlFVZU9C
hnxW3DZAW_blue_False.jpg,hnxW3DZAW
gdy18BDLN_blue_False.jpg,gdy18BDLN
tjj86NE60_blue_False.jpg,tjj86NE60
gzgR30XWR_blue_False.jpg,gzgR30XWR
jxgC6WJQJ_blue_False.jpg,jxgC6WJQJ
hljhJ9JB2X_blue_False.jpg,hljhJ9JB2X
hnqQFS7UT_blue_False.jpg,hnqQFS7UT
hnxVU2HL0_blue_False.jpg,hnxVU2HL0
tjjCXBHDE_blue_False.jpg,tjjCXBHDF
hbj29VUZM_blue_False.jpg,hbj29VUZM
lnlTQZEWB_blue_False.jpg,lnlTQZEWB
sxj9SZXTN_blue_False.jpg,sxj9SZX1N
gdy5PHVBK_blue_False.jpg,gdy5PHVBK
hnxG1L4G5_blue_False.jpg,hnxGTL4G5
hnyJKMQ80_blue_False.jpg,hnyJKMQ80
bjjYAJBMU_blue_False.jpg,bjjYAJBMU
ynnAZ90HA_blue_False.jpg,ynnAZ90HA
sxjNM95H8_blue_False.jpg,sxjNM95H8
zjzMR1G86_blue_False.jpg,zjzMRLG86
fjmD5K3ZB_blue_False.jpg,fjmD5K3ZB
hnqPN4U2X_blue_False.jpg,hnqPN4U2X
nxnGBU6TN_blue_False.jpg,nxnGBU6TN
tjjKGZ2X6_blue_False.jpg,tjjKGZ2X6
cqy86AW03_blue_False.jpg,cqy86AW03
sccY3BVGZ_blue_False.jpg,sccY3BVGZ
xzzDV537N_blue_False.jpg,xzzDV537N
lnl6MRK6E_blue_False.jpg,lnl6MRK6F
bjj5ALZ7F_blue_False.jpg,bjj5ALZ7F
shhFSS7P8_blue_False.jpg,shhFSS7P8
gsgW6GL7A_blue_False.jpg,gsgW6GL7A
hbe0X8D8L_blue_False.jpg,hbe0X8D8L
gxgN7Q04Q_blue_False.jpg,gxgN7Q04Q
tjj7K75PU_blue_False.jpg,tjj7K75PU
zjzYSY1V6_blue_False.jpg,zjzYSY1V6
ahy86P3SF_blue_False.jpg,ahy86P3SF
jljEMXVKL_blue_False.jpg,jljFMXVKL
jxgTU8ACG_blue_False.jpg,jxgTU8ACG
ynnQ96D0B_blue_False.jpg,ynnQ96D0B
sdl4NDE02_blue_False.jpg,sdl4NDE02
hbjDGBAJ7_blue_False.jpg,hbjDGBAJ7
lnl0ZTQ58_blue_False.jpg,lnl0ZTQ58
nmgnmgB7CS1X_blue_False.jpg,nmgnmgB7CS1X
xjx5D43EA_blue_False.jpg,xjx5D43FA
nxnY4JRF0_blue_False.jpg,nxnY4JRF0
hljh41BSM1_blue_False.jpg,hljh4TBSM1
nxnAS0L7K_blue_False.jpg,nxnAS0L7K
zjzVL1X1J_blue_False.jpg,zjzVL1X1J
xzzVSWD15_blue_False.jpg,xzzVSWD15
nxnD69L2B_blue_False.jpg,nxnD69L2B
hnxEXY8DG_blue_False.jpg,hnxFXY8DG
jxgS85L1N_blue_False.jpg,jxgS85L1N
qhq365K65_blue_False.jpg,qhq365K65
nmgnmgF9CWKK_blue_False.jpg,nmgnmgF9CWKK
hbj7NMQ9A_blue_False.jpg,hbj7NMQ9A
sxj3FJYH7_blue_False.jpg,sxj3FJYH7
zjzL40ZLC_blue_False.jpg,zjzL40ZLC
nxn8N60XM_blue_False.jpg,nxn8N60XM
fjmLK88X1_blue_False.jpg,fjmLK88X1
sxjDNU0LH_blue_False.jpg,sxjDNU0LH
gxg8Q401M_blue_False.jpg,gxg8Q40LM
zjz3PXF3H_blue_False.jpg,zjz3PXE3H
zjzNKJVP5_blue_False.jpg,zjzNKJVP5
jss981MJC_blue_False.jpg,jss98LMJC
sxsMPSHLD_blue_False.jpg,sxsMPSHLD
xzz9C9AJY_blue_False.jpg,xzz9C9AJY
sdlT0KASD_blue_False.jpg,sdlT0KASD
jxg6VUXSU_blue_False.jpg,jxg6VUXSU
ahyRRZDBW_blue_False.jpg,ahyRRZDBW
scc843SCC_blue_False.jpg,scc843SCC
sdlXQ8ETU_blue_False.jpg,sdlXQ8ETU
shhDAR9E8_blue_False.jpg,shhDAR9F8
shhPATTFY_blue_False.jpg,shhPA1TFY
jljPC25CF_blue_False.jpg,jljPC25CF
sxj3APTG2_blue_False.jpg,sxj3APTG2
gzgVBLU3G_blue_False.jpg,gzgVBLU3G
sdlDAAE58_blue_False.jpg,sdlDAAE58
gsgUW5F7Q_blue_False.jpg,gsgUW5E7Q
zjzB9ESQA_blue_False.jpg,zjzB9FSQA
jlj4YR6CV_blue_False.jpg,jlj4YR6CV
sxjDQ8CY7_blue_False.jpg,sxjDQ8CY7
sxs20TL5V_blue_False.jpg,sxs201L5V
cqyD3NATR_blue_False.jpg,cqyD3NATR
sccX36XK3_blue_False.jpg,sccX36XK3
gxg6HRP5X_blue_False.jpg,gxg6HRP5X
hnqCB3KUM_blue_False.jpg,hnqCB3KUM
sdlV40VB4_blue_False.jpg,sdlV40VB4
hnx0VHNZ2_blue_False.jpg,hnx0VHNZ2
zjzC1U5KP_blue_False.jpg,zjzCTU5KP
hbe15RQX0_blue_False.jpg,hbe15RQX0
lnl98CTKF_blue_False.jpg,lnl98CTKF
jljEHZC04_blue_False.jpg,jljFHZC04
lnlV7KDUU_blue_False.jpg,lnlV7KDUU
hnqMFZD8L_blue_False.jpg,hnqMFZD8L
lnlHWJESJ_blue_False.jpg,lnlHWJESJ
ynnLB9GDR_blue_False.jpg,ynnLB9GDR
gdyGKV3RW_blue_False.jpg,gdyGKV3RW
hny7ME757_blue_False.jpg,hny7MF757
xzzAGM81P_blue_False.jpg,xzzAGM81P
jxgQDEZGX_blue_False.jpg,jxgQDFZGX
tjj6DXWHD_blue_False.jpg,tjj6DXWHD
sxj5TCQMH_blue_False.jpg,sxj5TCQMH
tjjJ9ZBRT_blue_False.jpg,tjjJ9ZBRT
jljUN0CFG_blue_False.jpg,jljUN0CFG
ahy5RUDPU_blue_False.jpg,ahy5RUDPU
hnyY1TMA2_blue_False.jpg,hnyYTTMA2
hbjU9B19T_blue_False.jpg,hbjU9B19T
ynnJ2SGSD_blue_False.jpg,ynnJ2SGSD
sxsLNTD0M_blue_False.jpg,sxsLNTD0M
jxgRV6ANZ_blue_False.jpg,jxgRV6ANZ
hbe4U68LG_blue_False.jpg,hbe4U68LG
sxsV7W15V_blue_False.jpg,sxsV7W15V
jss6TPTAA_blue_False.jpg,jss6TPTAA
xjxGDG9AK_blue_False.jpg,xjxGDG9AK
gdyCK52AT_blue_False.jpg,gdyCK52AT
sccDV3R9Q_blue_False.jpg,sccDV3R9Q
nxn0EBW79_blue_False.jpg,nxn0FBW79
jxgSBA3SA_blue_False.jpg,jxgSBA3SA
gsgTTMZ81_blue_False.jpg,gsgTTMZ81
jssUHUF7V_blue_False.jpg,jssUHUE7V
sxsAKD644_blue_False.jpg,sxsAKD644
sxjFZZ05G_blue_False.jpg,sxjFZZ05G
hljh9CCC2Z_blue_False.jpg,hljh9CCC2Z
zjz11JSXB_blue_False.jpg,zjz11JSXB
gzg1GRNX0_blue_False.jpg,gzg1GRNX0
sdl999MHX_blue_False.jpg,sdl999MHX
hnyMUPLPH_blue_False.jpg,hnyMUPLPH
nmgnmgV9FG1Y_blue_False.jpg,nmgnmgV9FG1Y
fjm4BJ3K5_blue_False.jpg,fjm4BJ3K5
nxnVVSWAE_blue_False.jpg,nxnVVSWAF
nmgnmgLX8T5W_blue_False.jpg,nmgnmgLX8T5W
sxsB0FRA0_blue_False.jpg,sxsB0FRA0
ahyFYLMTD_blue_False.jpg,ahyFYLMLD
jxgDTT1P9_blue_False.jpg,jxgDT11P9
hnq7PT64Y_blue_False.jpg,hnq7P164Y
sdlVMP9MP_blue_False.jpg,sdlVMP9MP
hljh0Z9YEW_blue_False.jpg,hljh0Z9YFW
tjjW684R2_blue_False.jpg,tjjW684R2
hbjUUQBNX_blue_False.jpg,hbjUUQBNX
gxgY6U1Y0_blue_False.jpg,gxgY6U1Y0
sxsA12L9P_blue_False.jpg,sxsAT2L9P
hbeKJPC4H_blue_False.jpg,hbeKJPC4H
gxgRMQXQL_blue_False.jpg,gxgRMQXQL
cqy7N8PS4_blue_False.jpg,cqy7N8PS4
sxsXD1JZ8_blue_False.jpg,sxsXDLJZ8
xjxE2QJAP_blue_False.jpg,xjxF2QJAP
ynnJXAPG1_blue_False.jpg,ynnJXAPG1
hnyEQPD87_blue_False.jpg,hnyFQPD87
xjxCGAJUQ_blue_False.jpg,xjxCGAJUQ
sdlPXAUK7_blue_False.jpg,sdlPXAUK7
jxgTBLPU6_blue_False.jpg,jxgTBLPU6
gsgHLCLKA_blue_False.jpg,gsgHLCLKA
jxgHNLA1Y_blue_False.jpg,jxgHNLATY
shh3Q21Q4_blue_False.jpg,shh3Q21Q4
zjzBQYBDV_blue_False.jpg,zjzBQYBDV
hnqMZANYD_blue_False.jpg,hnqMZANYD
gxgXDFFWS_blue_False.jpg,gxgXDFEWS
jxg2SE3DW_blue_False.jpg,jxg2SF3DW
hnq16ME66_blue_False.jpg,hnq16ME66
sxjPND5TG_blue_False.jpg,sxjPND5TG
xzzCYEG8P_blue_False.jpg,xzzCYFG8P
zjzUKHVV3_blue_False.jpg,zjzUKHVV3
nxn4JDFM0_blue_False.jpg,nxn4JDEM0
ynnPYU4WQ_blue_False.jpg,ynnPYU4WQ
gsgRHS3Q9_blue_False.jpg,gsgRHS3Q9
gzg09V0QA_blue_False.jpg,gzg09V0QA
hnxR5BZWQ_blue_False.jpg,hnxR5BZWQ
hny8E97VV_blue_False.jpg,hny8F97VV
gxgC9D23N_blue_False.jpg,gxgC9D23N
jlj4S2B5D_blue_False.jpg,jlj4S2B5D
hnx2HQY1M_blue_False.jpg,hnx2HQY1M
hbjUKJ7SD_blue_False.jpg,hbjUKJ7SD
shh6ETE2T_blue_False.jpg,shh6F1E2T
gxg9DD6EE_blue_False.jpg,gxg9DD6FF
sxsLB7HJY_blue_False.jpg,sxsLB7HJY
cqyLFR6EX_blue_False.jpg,cqyLFR6FX
xjxW7R5UW_blue_False.jpg,xjxW7R5UW
gsgN4MFPS_blue_False.jpg,gsgN4MEPS
sxs40GCCP_blue_False.jpg,sxs40GCCP
sxsS07HD6_blue_False.jpg,sxsS07HD6
gdyGFG165_blue_False.jpg,gdyGFG165
jxgTX0LXQ_blue_False.jpg,jxgTX0LXQ
cqy1V6JCV_blue_False.jpg,cqy1V6JCV
zjzP4VDTG_blue_False.jpg,zjzP4VDLG
hbe24EC5V_blue_False.jpg,hbe24FC5V
jxgBAZCFA_blue_False.jpg,jxgBAZCFA
tjjQK5AEK_blue_False.jpg,tjjQK5AFK
jljN4EXNZ_blue_False.jpg,jljN4FXNZ
fjm3867X7_blue_False.jpg,fjm3867X7
lnlHCEJLH_blue_False.jpg,lnlHCFJLH
bjjBFMZQ5_blue_False.jpg,bjjBFMZQ5
sdl5NET1D_blue_False.jpg,sdl5NFT1D
nxnFVLZWZ_blue_False.jpg,nxnFVLZWZ
lnlSXFT9K_blue_False.jpg,lnlSXFT9K
sccGMR5R3_blue_False.jpg,sccGMR5R3
hbeSS99PT_blue_False.jpg,hbeSS99PT
sxjW41W57_blue_False.jpg,sxjW4LW57
gxgAQEKH7_blue_False.jpg,gxgAQFKH7
hljh8KLFY6_blue_False.jpg,hljh8KLEY6
bjjKKVFG9_blue_False.jpg,bjjKKVEG9
nmgnmg9AK18E_blue_False.jpg,nmgnmg9AK18F
hnqLTY45C_blue_False.jpg,hnqLTY45C
xjxLELP5B_blue_False.jpg,xjxLFLP5B
nxnS4XSJ0_blue_False.jpg,nxnS4XSJ0
sxsX9W0QE_blue_False.jpg,sxsX9W0QF
ynnYKF5U2_blue_False.jpg,ynnYKF5U2
fjmPR9VDW_blue_False.jpg,fjmPR9VDW
cqyY05DG8_blue_False.jpg,cqyY05DG8
sdl02F8RN_blue_False.jpg,sdl02F8RN
sxs4ETMX9_blue_False.jpg,sxs4F1MX9
ynn444P2Q_blue_False.jpg,ynn444P2Q
sdlHDYAC0_blue_False.jpg,sdlHDYAC0
sccWT47TZ_blue_False.jpg,sccWT47TZ
nmgnmgZ9QV43_blue_False.jpg,nmgnmgZ9QV43
nmgnmgMYLLW1_blue_False.jpg,nmgnmgMYLLW1
jlj7KKRCM_blue_False.jpg,jlj7KKRCM
sxsLKBQ75_blue_False.jpg,sxsLKBQ75
hny6R9V7S_blue_False.jpg,hny6R9V7S
xzzSZZGGE_blue_False.jpg,xzzSZZGGF
hljhYEJQFQ_blue_False.jpg,hljhYFJQFQ
hljh21N7G6_blue_False.jpg,hljh2TN7G6
jssVH61L5_blue_False.jpg,jssVH61L5
hbjBN2F80_blue_False.jpg,hbjBN2E80
ahy9ZM4R9_blue_False.jpg,ahy9ZM4R9
gsg30H1TX_blue_False.jpg,gsg30H1TX
jxgV3VAUN_blue_False.jpg,jxgV3VAUN
sxsZE6DT5_blue_False.jpg,sxsZF6DL5
hnxRZQQC9_blue_False.jpg,hnxRZQQC9
hnqRV12E3_blue_False.jpg,hnqRVL2F3
zjz3U1V9G_blue_False.jpg,zjz3U1V9G
hbjNVGT1G_blue_False.jpg,hbjNVGT1G
jxg99XK2Z_blue_False.jpg,jxg99XK2Z
gsgRQ6XQE_blue_False.jpg,gsgRQ6XQF
bjj7QZJZA_blue_False.jpg,bjj7QZJZA
qhqJ6G5FJ_blue_False.jpg,qhqJ6G5FJ
sdlBXU6GD_blue_False.jpg,sdlBXU6GD
hnqJ5KDMD_blue_False.jpg,hnqJ5KDMD
bjj0YZ9LS_blue_False.jpg,bjj0YZ9LS
hljhE6W4LB_blue_False.jpg,hljhF6W4LB
hljh0Q6QZU_blue_False.jpg,hljh0Q6QZU
shhP53Y08_blue_False.jpg,shhP53Y08
jssXYXCUU_blue_False.jpg,jssXYXCUU
gsgDQ62UJ_blue_False.jpg,gsgDQ62UJ
hnxQ8UYCS_blue_False.jpg,hnxQ8UYCS
sdlHP7RJ2_blue_False.jpg,sdlHP7RJ2
hljh8JP3K2_blue_False.jpg,hljh8JP3K2
xzzN7GHVL_blue_False.jpg,xzzN7GHVL
hljhVDDRBM_blue_False.jpg,hljhVDDRBM
sxjXS3LW4_blue_False.jpg,sxjXS3LW4
sdlK75ZLL_blue_False.jpg,sdlK75ZLL
hnqKYWCCX_blue_False.jpg,hnqKYWCCX
ahy4SD8V2_blue_False.jpg,ahy4SD8V2
tjj7H01D9_blue_False.jpg,tjj7HC1D9
ahyBZV0YD_blue_False.jpg,ahyBZV0YD
sxsS48YHY_blue_False.jpg,sxsS48YHY
nxnH2EE6R_blue_False.jpg,nxnH2FE6R
xzzMPD5GL_blue_False.jpg,xzzMPD5GL
zjzJQGWHR_blue_False.jpg,zjzJQGWHR
sxjVRH2CD_blue_False.jpg,sxjVRH2CD
qhqEFTNUA_blue_False.jpg,qhqFF1NUA
hbj8T30ES_blue_False.jpg,hbj8T30FS
hljhE9AKZ8_blue_False.jpg,hljhF9AKZ8
cqy19RFFC_blue_False.jpg,cqy19REFC
jss4F4UUB_blue_False.jpg,jss4F4UUB
sccKEHEKX_blue_False.jpg,sccKFHEKX
nmgnmg3DR122_blue_False.jpg,nmgnmg3DR122
gzgB2R72Q_blue_False.jpg,gzgB2R72Q
sxj2M8P6H_blue_False.jpg,sxj2M8P6H
sccUDM6TZ_blue_False.jpg,sccUDM6TZ
jxg03HUY7_blue_False.jpg,jxg03HUY7
jxgE1PVZK_blue_False.jpg,jxgFTPVZK
hbjAKFULT_blue_False.jpg,hbjAKFULT
jxgBWTNYM_blue_False.jpg,jxgBWTNYM
cqyZY83FQ_blue_False.jpg,cqyZY83FQ
zjzLU0ZQP_blue_False.jpg,zjzLU0ZQP
gzgJDY5RP_blue_False.jpg,gzgJDY5RP
jss289D7E_blue_False.jpg,jss289D7F
sxjR2JNZV_blue_False.jpg,sxjR2JNZV
hbjTYQJLP_blue_False.jpg,hbjTYQJLP
gsg4Y5KP3_blue_False.jpg,gsg4Y5KP3
zjzFF9Y37_blue_False.jpg,zjzFF9Y37
zjzNETD9D_blue_False.jpg,zjzNF1D9D
bjj132N5X_blue_False.jpg,bjj132N5X
gdyLWDZU6_blue_False.jpg,gdyLWDZU6
qhq0QXLXE_blue_False.jpg,qhq0QXLXF
scc8NUXNQ_blue_False.jpg,scc8NUXNQ
qhq07YZUS_blue_False.jpg,qhq07YZUS
qhq17KW8D_blue_False.jpg,qhq17KW8D
qhqT20UZT_blue_False.jpg,qhqT20UZT
hljhLY9VT0_blue_False.jpg,hljhLY9V10
ynnJ40J84_blue_False.jpg,ynnJ40J84
hbeWP7U2T_blue_False.jpg,hbeWP7U2T
gzgH9D3YD_blue_False.jpg,gzgH9D3YD
shhLGPG87_blue_False.jpg,shhLGPG87
sdlRHVHVZ_blue_False.jpg,sdlRHVHVZ
sxsLAAN2R_blue_False.jpg,sxsLAAN2R
cqy0LVL77_blue_False.jpg,cqy0LVL77
hljh5U0U72_blue_False.jpg,hljh5U0U72
gsgK79DV9_blue_False.jpg,gsgK79DV9
ahyQR0BXZ_blue_False.jpg,ahyQR0BXZ
qhqV1HQA0_blue_False.jpg,qhqVTHQA0
shhXZ60N1_blue_False.jpg,shhXZ60N1
sxjHMENN4_blue_False.jpg,sxjHMFNN4
lnl4KXD0E_blue_False.jpg,lnl4KXD0F
hbe5CX0BT_blue_False.jpg,hbe5CX0BT
fjmDQSKYY_blue_False.jpg,fjmDQSKYY
jljE5R0FN_blue_False.jpg,jljF5R0FN
hbjDJLTDC_blue_False.jpg,hbjDJLTDC
ahy9SJQGQ_blue_False.jpg,ahy9SJQGQ
hny5W0C1J_blue_False.jpg,hny5W0C1J
sxjV12APK_blue_False.jpg,sxjVT2APK
sxjVS2B3T_blue_False.jpg,sxjVS2B3T
ynnMDKH07_blue_False.jpg,ynnMDKH07
hnqN1PV98_blue_False.jpg,hnqNTPV98
nmgnmgZ11Z9Z_blue_False.jpg,nmgnmgZTLZ9Z
lnl6D13L3_blue_False.jpg,lnl6DT3T3
sxs4L7FU8_blue_False.jpg,sxs4L7EU8
sxjKA81J3_blue_False.jpg,sxjKA81J3
cqyFJ1DU3_blue_False.jpg,cqyFJLDU3
sdlZBB8F1_blue_False.jpg,sdlZBB8F1
zjzXXXEU8_blue_False.jpg,zjzXXXEU8
hnx37YKQN_blue_False.jpg,hnx37YKQN
shh6VP1RH_blue_False.jpg,shh6VP1RH
nmgnmgLUSNBZ_blue_False.jpg,nmgnmgLUSNBZ
zjz0SQJ4B_blue_False.jpg,zjz0SQJ4B
gdyHS7791_blue_False.jpg,gdyHS7791
shh4JYJXS_blue_False.jpg,shh4JYJXS
jljUNVV5F_blue_False.jpg,jljUNVV5F
sxsKM3ZVC_blue_False.jpg,sxsKM3ZVC
jssHZ0HMJ_blue_False.jpg,jssHZ0HMJ
jxgQ5P8TT_blue_False.jpg,jxgQ5P81T
lnlVRDES7_blue_False.jpg,lnlVRDES7
ynn66XAC5_blue_False.jpg,ynn66XAC5
gdyVZ0VDA_blue_False.jpg,gdyVZ0VDA
gxgL3WE7P_blue_False.jpg,gxgL3WE7P
gxgWQBKKM_blue_False.jpg,gxgWQBKKM
fjmC3C81M_blue_False.jpg,fjmC3C81M
gdyDW8MYE_blue_False.jpg,gdyDW8MYF
gxgJFCMAL_blue_False.jpg,gxgJFCMAL
tjj20PYYJ_blue_False.jpg,tjj20PYYJ
scc16D1SL_blue_False.jpg,scc16D1SL
jssJ7ZCZR_blue_False.jpg,jssJ7ZCZR
hbeRLF3D2_blue_False.jpg,hbeRLF3D2
ynnNJFWW6_blue_False.jpg,ynnNJFWW6
gxgTQ02M1_blue_False.jpg,gxgTQ02M1
nmgnmg2ZQQLY_blue_False.jpg,nmgnmg2ZQQLY
gxgDFRR58_blue_False.jpg,gxgDFRR58
gsgAG3QFN_blue_False.jpg,gsgAG3QFN
hnq2LGM43_blue_False.jpg,hnq2LGM43
lnlNJFPXN_blue_False.jpg,lnlNJFPXN
tjjWD9AL6_blue_False.jpg,tjjWD9AL6
sdlN43FCV_blue_False.jpg,sdlN43ECV
lnl1PKS4G_blue_False.jpg,lnl1PKS4G
jssX7SJPR_blue_False.jpg,jssX7SJPR
bjjKX3BLR_blue_False.jpg,bjjKX3BTR
gzgCYZHLC_blue_False.jpg,gzgCYZHLC
nmgnmgKGKU4C_blue_False.jpg,nmgnmgKGKU4C
jss6URRWB_blue_False.jpg,jss6URRWB
gsg82TF99_blue_False.jpg,gsg821E99
jss9VWGK4_blue_False.jpg,jss9VWGK4
hnxFFLQBA_blue_False.jpg,hnxFFLQBA
jlj6BWZH9_blue_False.jpg,jlj6BWZH9
lnlRA3EHF_blue_False.jpg,lnlRA3EHF
sdl1Z9LFE_blue_False.jpg,sdl1Z9LFF
gzgX3FQ3X_blue_False.jpg,gzgX3FQ3X
nxnPM1PTA_blue_False.jpg,nxnPMLPTA
hnq4KQUAW_blue_False.jpg,hnq4KQUAW
jljUWAKFR_blue_False.jpg,jljUWAKFR
zjzC7929N_blue_False.jpg,zjzC7929N
qhqTUXEVY_blue_False.jpg,qhqTUXEVY
zjzDPHTJT_blue_False.jpg,zjzDPHTJT
ynnVW73NN_blue_False.jpg,ynnVW73NN
cqyC4RMY5_blue_False.jpg,cqyC4RMY5
jssTW64QN_blue_False.jpg,jssTW64QN
xjxRQWDWK_blue_False.jpg,xjxRQWDWK
hbjWAL4J8_blue_False.jpg,hbjWAL4J8
jssW2PNWK_blue_False.jpg,jssW2PNWK
tjjGJL96A_blue_False.jpg,tjjGJL96A
gsgVMC8WB_blue_False.jpg,gsgVMC8WB
ahyRMHHAD_blue_False.jpg,ahyRMHHAD
scc5FCTS1_blue_False.jpg,scc5FCTS1
shhL9JPQU_blue_False.jpg,shhL9JPQU
hnyT5T0RP_blue_False.jpg,hnyT5T0RP
jssR1FHN8_blue_False.jpg,jssRTFHN8
gxg7FNHTN_blue_False.jpg,gxg7FNHLN
hbjFYXNUN_blue_False.jpg,hbjFYXNUN
gsg0AK9VN_blue_False.jpg,gsg0AK9VN
gdyKYX93H_blue_False.jpg,gdyKYX93H
lnlPGSFBG_blue_False.jpg,lnlPGSEBG
jlj7BV6VW_blue_False.jpg,jlj7BV6VW
lnlHD7AN7_blue_False.jpg,lnlHD7AN7
lnl0L7FLF_blue_False.jpg,lnl0L7ELF
qhqQ14T7P_blue_False.jpg,qhqQT4T7P
hbe7WEHFD_blue_False.jpg,hbe7WFHFD
ynn3YKGJF_blue_False.jpg,ynn3YKGJF
gxgNNEGPR_blue_False.jpg,gxgNNFGPR
qhq72WCUV_blue_False.jpg,qhq72WCUV
hbj3RYXAE_blue_False.jpg,hbj3RYXAF
fjmE6NXZV_blue_False.jpg,fjmF6NXZV
tjjTZF75K_blue_False.jpg,tjjTZF75K
hljh5LDXNL_blue_False.jpg,hljh5LDXNL
cqyRVB76G_blue_False.jpg,cqyRVB76G
hnyQXEY6R_blue_False.jpg,hnyQXFY6R
sxjKSRUZG_blue_False.jpg,sxjKSRUZG
qhqKP0GVP_blue_False.jpg,qhqKP0GVP
cqy2YQVYD_blue_False.jpg,cqy2YQVYD
sccVWMRMA_blue_False.jpg,sccVWMRMA
fjmMB5YZ9_blue_False.jpg,fjmMB5YZ9
sxj1P1H73_blue_False.jpg,sxj1PLH73
fjmX79WYP_blue_False.jpg,fjmX79WYP
nxnTGZ59N_blue_False.jpg,nxnTGZ59N
gzgTKZ4RE_blue_False.jpg,gzgTKZ4RF
bjjLCWB3P_blue_False.jpg,bjjLCWB3P
bjjM7QU8Q_blue_False.jpg,bjjM7QU8Q
gdy7VH4BN_blue_False.jpg,gdy7VH4BN
sdl59FQAK_blue_False.jpg,sdl59FQAK
nmgnmg4A60LH_blue_False.jpg,nmgnmg4A60LH
sdl1YRCE3_blue_False.jpg,sdl1YRCF3
sxjZY6XC6_blue_False.jpg,sxjZY6XC6
sxsRQZNQ2_blue_False.jpg,sxsRQZNQ2
hbeYB5FCQ_blue_False.jpg,hbeYB5ECQ
hbeMQKGJY_blue_False.jpg,hbeMQKGJY
hnx4EKD6S_blue_False.jpg,hnx4FKD6S
xzzP6W8AY_blue_False.jpg,xzzP6W8AY
sdl6QJ4VW_blue_False.jpg,sdl6QJ4VW
ahy1N6L77_blue_False.jpg,ahy1N6L77
gzgPB0T79_blue_False.jpg,gzgPB0T79
gdyKFLWVK_blue_False.jpg,gdyKFLWVK
gxg4SH786_blue_False.jpg,gxg4SH786
hnxN5UE9L_blue_False.jpg,hnxN5UE9L
xjxMCTV8R_blue_False.jpg,xjxMC1V8R
qhqSZQMPH_blue_False.jpg,qhqSZQMPH
gdy53XXES_blue_False.jpg,gdy53XXFS
tjj2AL2UV_blue_False.jpg,tjj2AL2UV
cqyVGE4L4_blue_False.jpg,cqyVGF4T4
qhqB1F1RJ_blue_False.jpg,qhqBTF1RJ
gsg6Y5HGH_blue_False.jpg,gsg6Y5HGH
shhESFTM9_blue_False.jpg,shhFSFTM9
jssFTEF7U_blue_False.jpg,jssFTFE7U
gsgL5N61V_blue_False.jpg,gsgL5N61V
jlj60JVE4_blue_False.jpg,jlj60JVF4
fjm0PTLD9_blue_False.jpg,fjm0P1LD9
zjz3XDT7M_blue_False.jpg,zjz3XDT7M
sxjWZSAGK_blue_False.jpg,sxjWZSAGK
hnxJH82RH_blue_False.jpg,hnxJH82RH
sccX1U0CT_blue_False.jpg,sccXTU0CT
hnx5TW076_blue_False.jpg,hnx5TW076
xjxUTZT70_blue_False.jpg,xjxUTZT70
tjjS4U76W_blue_False.jpg,tjjS4U76W
hbeT0BQ56_blue_False.jpg,hbeT0BQ56
hbjSH2RGB_blue_False.jpg,hbjSH2RGB
hbjPN7AF8_blue_False.jpg,hbjPN7AF8
nxnG4Y0K5_blue_False.jpg,nxnG4Y0K5
jss09XQS2_blue_False.jpg,jss09XQS2
gxgCEV1NX_blue_False.jpg,gxgCFV1NX
xjx5E3F3G_blue_False.jpg,xjx5F3E3G
hbe2UBVGE_blue_False.jpg,hbe2UBVGF
xjxY7Y63V_blue_False.jpg,xjxY7Y63V
sdlL642F6_blue_False.jpg,sdlL642F6
ahySEYDR7_blue_False.jpg,ahySFYDR7
xzz4H15RA_blue_False.jpg,xzz4HT5RA
fjmL6S8UT_blue_False.jpg,fjmL6S8UT
hbe7YWC8G_blue_False.jpg,hbe7YWC8G
gxgX8TGFD_blue_False.jpg,gxgX8TGFD
lnlPBL3RD_blue_False.jpg,lnlPBL3RD
hnxNPZRCU_blue_False.jpg,hnxNPZRCU
sxj2KAXUZ_blue_False.jpg,sxj2KAXUZ
cqyYNUPU2_blue_False.jpg,cqyYNUPU2
cqyQECBWV_blue_False.jpg,cqyQFCBWV
tjj70SKDH_blue_False.jpg,tjj70SKDH
tjjNDF4WK_blue_False.jpg,tjjNDF4WK
gsgTKUTBJ_blue_False.jpg,gsgTKUTBJ
jxgVK75D9_blue_False.jpg,jxgVK75D9
qhqYBXFFV_blue_False.jpg,qhqYBXEFV
jss96XUJN_blue_False.jpg,jss96XUJN
hnx9UAZQ3_blue_False.jpg,hnx9UAZQ3
xzzRN2GRH_blue_False.jpg,xzzRN2GRH
hnqLH1K38_blue_False.jpg,hnqLHLK38
jxgGJWUXJ_blue_False.jpg,jxgGJWUXJ
hnqDH0TZB_blue_False.jpg,hnqDH0TZB
jssJWW5UF_blue_False.jpg,jssJWW5UF
jssXJNZPB_blue_False.jpg,jssXJNZPB
jssMGSUJ1_blue_False.jpg,jssMGSUJ1
gxgFL85WV_blue_False.jpg,gxgFL85WV
scc2H44W5_blue_False.jpg,scc2H44W5
tjjKAQ2S6_blue_False.jpg,tjjKAQ2S6
jssR6410C_blue_False.jpg,jssR6410C
nmgnmgPDKXQK_blue_False.jpg,nmgnmgPDKXQK
nxnZS1PSZ_blue_False.jpg,nxnZSLPSZ
hnqG1ERRF_blue_False.jpg,hnqGTFRRF
gxgW2VDAA_blue_False.jpg,gxgW2VDAA
ahyYVETPR_blue_False.jpg,ahyYVFTPR
nmgnmgGQPKQQ_blue_False.jpg,nmgnmgGQPKQQ
shh4K9347_blue_False.jpg,shh4K9347
cqyCKWZP7_blue_False.jpg,cqyCKWZP7
bjjJ4PFFH_blue_False.jpg,bjjJ4PEFH
jssZ5H28L_blue_False.jpg,jssZ5H28L
zjz78LPBJ_blue_False.jpg,zjz78LPBJ
hnxDFPL85_blue_False.jpg,hnxDFPL85
hbj2WX71G_blue_False.jpg,hbj2WX71G
gzgQUY4VP_blue_False.jpg,gzgQUY4VP
gxgE55CMW_blue_False.jpg,gxgF55CMW
gxgWTWTZK_blue_False.jpg,gxgWTWTZK
xzzCHV3DW_blue_False.jpg,xzzCHV3DW
shhGE3F98_blue_False.jpg,shhGF3E98
sdl2Q42QH_blue_False.jpg,sdl2Q42QH
hljhE00WWU_blue_False.jpg,hljhF00WWU
gdyVSJ4NY_blue_False.jpg,gdyVSJ4NY
sccGNNY95_blue_False.jpg,sccGNNY95
sdl92PT51_blue_False.jpg,sdl92PT51
nmgnmg5ZQFD7_blue_False.jpg,nmgnmg5ZQED7
hbe1SLSSU_blue_False.jpg,hbe1SLSSU
gdyNEQ34P_blue_False.jpg,gdyNFQ34P
ahyA5TFPP_blue_False.jpg,ahyA51EPP
sxj8HPQ8C_blue_False.jpg,sxj8HPQ8C
nmgnmgH9708G_blue_False.jpg,nmgnmgH9708G
hbe432L07_blue_False.jpg,hbe432L07
shhKLHGP8_blue_False.jpg,shhKLHGP8
hljhQ7V7K7_blue_False.jpg,hljhQ7V7K7
zjzN1CZVA_blue_False.jpg,zjzNTCZVA
nmgnmgFYJWPE_blue_False.jpg,nmgnmgFYJWPF
jxgB1SA3V_blue_False.jpg,jxgB1SA3V
hbj3H0X4Y_blue_False.jpg,hbj3H0X4Y
gxgBKXH33_blue_False.jpg,gxgBKXH33
jljJN837T_blue_False.jpg,jljJN837T
hbeMSZGYA_blue_False.jpg,hbeMSZGYA
ahy5LBR4E_blue_False.jpg,ahy5LBR4F
sdl6KT3WB_blue_False.jpg,sdl6K13WB
jxg22J770_blue_False.jpg,jxg22J770
ahyXKKNJK_blue_False.jpg,ahyXKKNJK
sdlNKNKJU_blue_False.jpg,sdlNKNKJU
nmgnmgXCW1M4_blue_False.jpg,nmgnmgXCW1M4
shhWN269G_blue_False.jpg,shhWN269G
xzzGCHRPE_blue_False.jpg,xzzGCHRPF
tjjF4KA52_blue_False.jpg,tjjF4KA52
sxs3UZXT8_blue_False.jpg,sxs3UZX18
jss4XR0UP_blue_False.jpg,jss4XR0UP
sdlAMGA3A_blue_False.jpg,sdlAMGA3A
hnqFK5B3S_blue_False.jpg,hnqFK5B3S
ynnKUW2KA_blue_False.jpg,ynnKUW2KA
hnxTDUPGE_blue_False.jpg,hnxTDUPGF
sccRPF9NA_blue_False.jpg,sccRPF9NA
gsgQL6U29_blue_False.jpg,gsgQL6U29
hnyPVE1PD_blue_False.jpg,hnyPVF1PD
gsg69USVY_blue_False.jpg,gsg69USVY
hbeLPDGVY_blue_False.jpg,hbeLPDGVY
ahyFV6H3W_blue_False.jpg,ahyFV6H3W
hbeRBY1B7_blue_False.jpg,hbeRBY1B7
jss597HWA_blue_False.jpg,jss597HWA
nmgnmgNK16FV_blue_False.jpg,nmgnmgNKL6FV
sxj09D8GZ_blue_False.jpg,sxj09D8GZ
gzgZS17QB_blue_False.jpg,gzgZS17QB
hnqWE3AT3_blue_False.jpg,hnqWF3AT3
hbjNJD9F0_blue_False.jpg,hbjNJD9F0
hnq3LZS5A_blue_False.jpg,hnq3LZS5A
zjz2UZ5ME_blue_False.jpg,zjz2UZ5MF
fjmVZWTLA_blue_False.jpg,fjmVZWTLA
bjjXNSYZ1_blue_False.jpg,bjjXNSYZ1
shhBUPMWE_blue_False.jpg,shhBUPMWF
jxgSZAP9Q_blue_False.jpg,jxgSZAP9Q
gdyRRLZAZ_blue_False.jpg,gdyRRLZAZ
ahySK0T85_blue_False.jpg,ahySK0T85
hny0UMS0W_blue_False.jpg,hny0UMS0W
gzgCQE6DY_blue_False.jpg,gzgCQF6DY
jss3531XP_blue_False.jpg,jss3531XP
hbeGM7WTC_blue_False.jpg,hbeGM7WTC
sxjL1MK9K_blue_False.jpg,sxjLTMK9K
gxg5S50CA_blue_False.jpg,gxg5S50CA
tjjCL3Z91_blue_False.jpg,tjjCL3Z91
hljhJHX58C_blue_False.jpg,hljhJHX58C
gdyZZN9CM_blue_False.jpg,gdyZZN9CM
xzzMSC3BW_blue_False.jpg,xzzMSC3BW
jljW8BAPD_blue_False.jpg,jljW8BAPD
ynn50MF8D_blue_False.jpg,ynn50ME8D
sdlJ04ZUU_blue_False.jpg,sdlJ04ZUU
zjzQ2USP0_blue_False.jpg,zjzQ2USP0
nmgnmgSUMKN4_blue_False.jpg,nmgnmgSUMKN4
jss22R4SG_blue_False.jpg,jss22R4SG
hljh35MZKN_blue_False.jpg,hljh35MZKN
jxg28NTXY_blue_False.jpg,jxg28NTXY
sxsGMEZYE_blue_False.jpg,sxsGMFZYF
sdl27XBW3_blue_False.jpg,sdl27XBW3
xjxDKDG4N_blue_False.jpg,xjxDKDG4N
xjxXAVEB8_blue_False.jpg,xjxXAVEB8
jssNAMV38_blue_False.jpg,jssNAMV38
lnlTEY3DD_blue_False.jpg,lnlTFY3DD
lnl6SRFQS_blue_False.jpg,lnl6SREQS
shh0HW9DD_blue_False.jpg,shh0HW9DD
nmgnmg19U0LN_blue_False.jpg,nmgnmg19U0LN
xjxYLPLQ7_blue_False.jpg,xjxYLPLQ7
xzzYUBX2F_blue_False.jpg,xzzYUBX2F
gxgYDV592_blue_False.jpg,gxgYDV592
jssADQ6XE_blue_False.jpg,jssADQ6XF
sxsNWY4Q8_blue_False.jpg,sxsNWY4Q8
nmgnmgM6XYGJ_blue_False.jpg,nmgnmgM6XYGJ
sdl1BJJRD_blue_False.jpg,sdl1BJJRD
jlj4GWSKF_blue_False.jpg,jlj4GWSKF
hnxVM8KV2_blue_False.jpg,hnxVM8KV2
xjxP1ZPNV_blue_False.jpg,xjxPTZPNV
lnlHWDQ4X_blue_False.jpg,lnlHWDQ4X
qhqNB1DHY_blue_False.jpg,qhqNBLDHY
gxgCSYPWV_blue_False.jpg,gxgCSYPWV
jljCGGX5B_blue_False.jpg,jljCGGX5B
ahyQ7GGLA_blue_False.jpg,ahyQ7GGTA
ahyMS1AAM_blue_False.jpg,ahyMSTAAM
ynnS23YJA_blue_False.jpg,ynnS23YJA
xjxN3NPSU_blue_False.jpg,xjxN3NPSU
ynnKMP644_blue_False.jpg,ynnKMP644
xzzSPETPE_blue_False.jpg,xzzSPFTPF
xzzV66N3Z_blue_False.jpg,xzzV66N3Z
ahyFH3UTJ_blue_False.jpg,ahyFH3ULJ
zjz21ZDC3_blue_False.jpg,zjz2TZDC3
xzz2Y9JUR_blue_False.jpg,xzz2Y9JUR
qhqC05EK2_blue_False.jpg,qhqC05EK2
hbj7ACCHL_blue_False.jpg,hbj7ACCHL
qhq76QW2S_blue_False.jpg,qhq76QW2S
gzgAL52TU_blue_False.jpg,gzgAL52LU
hbjUXRR1F_blue_False.jpg,hbjUXRR1F
jxg0B0KAB_blue_False.jpg,jxg0B0KAB
sccT63XNN_blue_False.jpg,sccT63XNN
gzg8V18K3_blue_False.jpg,gzg8V18K3
sccJDB5YP_blue_False.jpg,sccJDB5YP
gxg3V0E2W_blue_False.jpg,gxg3V0E2W
gzg2SNJXT_blue_False.jpg,gzg2SNJXT
sxjNM9ZHM_blue_False.jpg,sxjNM9ZHM
nmgnmgWT7LKT_blue_False.jpg,nmgnmgWT7LKT
jlj699H9A_blue_False.jpg,jlj699H9A
nmgnmg576XGM_blue_False.jpg,nmgnmg576XGM
xzzGPLVQW_blue_False.jpg,xzzGPLVQW
scc0M11B9_blue_False.jpg,scc0M11B9
xzzBDGCVS_blue_False.jpg,xzzBDGCVS
gsg0H92TG_blue_False.jpg,gsg0H92LG
shhQGVR5G_blue_False.jpg,shhQGVR5G
qhqBSTT0Q_blue_False.jpg,qhqBSTT0Q
jxgRLN2TH_blue_False.jpg,jxgRLN2LH
bjjLSYVP6_blue_False.jpg,bjjLSYVP6
xzz8AVP5N_blue_False.jpg,xzz8AVP5N
xzzLEJ2DC_blue_False.jpg,xzzLFJ2DC
shhD6L2DW_blue_False.jpg,shhD6L2DW
sxjYU0L6Q_blue_False.jpg,sxjYU0L6Q
nmgnmg4UU2DM_blue_False.jpg,nmgnmg4UU2DM
shh6V65L4_blue_False.jpg,shh6V65T4
qhqNAKQ2M_blue_False.jpg,qhqNAKQ2M
sdlE2Y1B0_blue_False.jpg,sdlF2Y1B0
ahy8D0UK8_blue_False.jpg,ahy8D0UK8
shh25XX5Z_blue_False.jpg,shh25XX5Z
sxsP88TBY_blue_False.jpg,sxsP88TBY
nmgnmgCQZX2D_blue_False.jpg,nmgnmgCQZX2D
hnxWSGN2L_blue_False.jpg,hnxWSGN2L
nxnM2QYCB_blue_False.jpg,nxnM2QYCB
gdyR4EUQK_blue_False.jpg,gdyR4FUQK
nxn0S1X5T_blue_False.jpg,nxn0S1X5T
tjjKMBP6A_blue_False.jpg,tjjKMBP6A
shhU1U8KJ_blue_False.jpg,shhUTU8KJ
hnxJGVPSR_blue_False.jpg,hnxJGVPSR
hnx1JUAKH_blue_False.jpg,hnx1JUAKH
jssDW3B3U_blue_False.jpg,jssDW3B3U
nmgnmgGYP1E8_blue_False.jpg,nmgnmgGYP1F8
hljhY0J5AM_blue_False.jpg,hljhY0J5AM
zjzYTNHPC_blue_False.jpg,zjzYTNHPC
gxgGJBUV1_blue_False.jpg,gxgGJBUV1
sdlQRXGK6_blue_False.jpg,sdlQRXGK6
ynn848RLK_blue_False.jpg,ynn848RLK
bjjWM9DPB_blue_False.jpg,bjjWM9DPB
ynn38D1GL_blue_False.jpg,ynn38D1GL
gsg83DE85_blue_False.jpg,gsg83DE85
nxnSPJEJ1_blue_False.jpg,nxnSPJEJ1
gzgD32R2B_blue_False.jpg,gzgD32R2B
hnxF36SM9_blue_False.jpg,hnxF36SM9
jssQ8EJRZ_blue_False.jpg,jssQ8FJRZ
hnqQXPUNG_blue_False.jpg,hnqQXPUNG
hnqKQR4S4_blue_False.jpg,hnqKQR4S4
sdlHWG4LD_blue_False.jpg,sdlHWG4LD
xzz4KTK6T_blue_False.jpg,xzz4KTK6T
gdyA8QH11_blue_False.jpg,gdyA8QHL1
fjm5A75JY_blue_False.jpg,fjm5A75JY
nmgnmgRV62DM_blue_False.jpg,nmgnmgRV62DM
ynn7G72NA_blue_False.jpg,ynn7G72NA
nxnZZ98LD_blue_False.jpg,nxnZZ98LD
zjzDYY4UP_blue_False.jpg,zjzDYY4UP
hnx356EBD_blue_False.jpg,hnx356EBD
sxjBAZN3W_blue_False.jpg,sxjBAZN3W
gzgWE2XT2_blue_False.jpg,gzgWF2X12
gsgS804YL_blue_False.jpg,gsgS804YL
gzgYSNPCE_blue_False.jpg,gzgYSNPCF
gsg9TSDSC_blue_False.jpg,gsg9TSDSC
xzzW6V2JK_blue_False.jpg,xzzW6V2JK
gzg1TTQVZ_blue_False.jpg,gzg1TTQVZ
cqyAZNNZ1_blue_False.jpg,cqyAZNNZ1
gdy30381S_blue_False.jpg,gdy30381S
sxj7DW62S_blue_False.jpg,sxj7DW62S
qhq9P9KL4_blue_False.jpg,qhq9P9KL4
ynnQ2H5EA_blue_False.jpg,ynnQ2H5FA
fjmRSUHDR_blue_False.jpg,fjmRSUHDR
sdl91XKF8_blue_False.jpg,sdl9TXKF8
nxnKBC3RP_blue_False.jpg,nxnKBC3RP
tjjLC0DBT_blue_False.jpg,tjjLC0DBT
gdyL8DLVL_blue_False.jpg,gdyL8DLVL
sxsMUZRCF_blue_False.jpg,sxsMUZRCF
sdlBY0TND_blue_False.jpg,sdlBY0TND
nmgnmgDE7RSM_blue_False.jpg,nmgnmgDF7RSM
xjx4B2P0B_blue_False.jpg,xjx4B2P0B
ahyHM4Y30_blue_False.jpg,ahyHM4Y30
sxs6VUVJ8_blue_False.jpg,sxs6VUVJ8
ynn13BX8F_blue_False.jpg,ynn13BX8F
cqy043EYP_blue_False.jpg,cqy043EYP
hbjLT4JQ7_blue_False.jpg,hbjLT4JQ7
gzgA1EZCR_blue_False.jpg,gzgATFZCR
ynn33MVBR_blue_False.jpg,ynn33MVBR
shhGSKA0M_blue_False.jpg,shhGSKA0M
zjzYPALQP_blue_False.jpg,zjzYPALQP
hljh0RVJRQ_blue_False.jpg,hljh0RVJRQ
qhqKLUDB0_blue_False.jpg,qhqKLUDB0
sxs55MTZF_blue_False.jpg,sxs55MTZF
jljGHW7PL_blue_False.jpg,jljGHW7PL
xjx7FLUK1_blue_False.jpg,xjx7FLUK1
ynn3Y7411_blue_False.jpg,ynn3Y7411
xzzHTZR6X_blue_False.jpg,xzzHTZR6X
sxsWLWTQ8_blue_False.jpg,sxsWLWTQ8
hnqBTD9T7_blue_False.jpg,hnqBTD917
nxnEEZGW4_blue_False.jpg,nxnFFZGW4
hnqMGH0KM_blue_False.jpg,hnqMGH0KM
jlj1JD6YJ_blue_False.jpg,jlj1JD6YJ
nxnDZ80EQ_blue_False.jpg,nxnDZ80FQ
gsgJWQDQ2_blue_False.jpg,gsgJWQDQ2
ahyEXTEHA_blue_False.jpg,ahyFX1EHA
sxj2YFPFZ_blue_False.jpg,sxj2YFPFZ
nmgnmg9FYL6T_blue_False.jpg,nmgnmg9FYL6T
zjzT6JV0P_blue_False.jpg,zjzT6JV0P
jssVX4QT5_blue_False.jpg,jssVX4QL5
gxgD3SU5M_blue_False.jpg,gxgD3SU5M
sxj8BTBFY_blue_False.jpg,sxj8BTBFY
hnyP273CG_blue_False.jpg,hnyP273CG
cqyTE0Y05_blue_False.jpg,cqyTFCY05
jljGN0H2P_blue_False.jpg,jljGN0H2P
sccXGHTMV_blue_False.jpg,sccXGHTMV
lnl7ZWB8Z_blue_False.jpg,lnl7ZWB8Z
zjzY6PN1B_blue_False.jpg,zjzY6PNLB
nxnWA8MYK_blue_False.jpg,nxnWA8MYK
hbeCPYZ2V_blue_False.jpg,hbeCPYZ2V
shhZZG3D8_blue_False.jpg,shhZZG3D8
sxsAVV5AU_blue_False.jpg,sxsAVV5AU
gdyZB33W9_blue_False.jpg,gdyZB33W9
sxsD6989H_blue_False.jpg,sxsD6989H
hbjDA511E_blue_False.jpg,hbjDA511F
hljh5NBCRV_blue_False.jpg,hljh5NBCRV
hbjJXP7DG_blue_False.jpg,hbjJXP7DG
hbjGKNQT5_blue_False.jpg,hbjGKNQL5
sxsNJX3G2_blue_False.jpg,sxsNJX3G2
jljAS6ZEY_blue_False.jpg,jljAS6ZFY
zjz61T0PY_blue_False.jpg,zjz6TT0PY
hnyU8CLBZ_blue_False.jpg,hnyU8CLBZ
sxjAC8R68_blue_False.jpg,sxjAC8R68
shhJXKEEC_blue_False.jpg,shhJXKEFC
jssL257LF_blue_False.jpg,jssL257LF
jss4FCV6J_blue_False.jpg,jss4FCV6J
hnqGZNSRJ_blue_False.jpg,hnqGZNSRJ
hbeMAEAJW_blue_False.jpg,hbeMAFAJW
hbj9NS88W_blue_False.jpg,hbj9NS88W
sccQA4QBE_blue_False.jpg,sccQA4QBF
jlj6929JB_blue_False.jpg,jlj6929JB
jss2V1SFU_blue_False.jpg,jss2VLSFU
sccHUYJJZ_blue_False.jpg,sccHUYJJZ
nmgnmgYP4PJA_blue_False.jpg,nmgnmgYP4PJA
nmgnmgX79KHY_blue_False.jpg,nmgnmgX79KHY
hnq7YL481_blue_False.jpg,hnq7YL481
gzg51Y6HJ_blue_False.jpg,gzg5TY6HJ
jxg9C51HV_blue_False.jpg,jxg9C51HV
fjm0VGZ12_blue_False.jpg,fjm0VGZ12
sxs28XRE3_blue_False.jpg,sxs28XRF3
tjjPM2X45_blue_False.jpg,tjjPM2X45
shhN8NKPN_blue_False.jpg,shhN8NKPN
hbeFCZPTA_blue_False.jpg,hbeFCZPTA
jxg7B8NL7_blue_False.jpg,jxg7B8NL7
lnl7FDEZ1_blue_False.jpg,lnl7FDEZ1
ahyELZPCC_blue_False.jpg,ahyFLZPCC
gdyMFUQ61_blue_False.jpg,gdyMFUQ61
hnxH541ZG_blue_False.jpg,hnxH541ZG
hljhACY2C6_blue_False.jpg,hljhACY2C6
jssXXHXHU_blue_False.jpg,jssXXHXHU
nmgnmgAXT8AP_blue_False.jpg,nmgnmgAX18AP
hbeZ71TA6_blue_False.jpg,hbeZ71TA6
hnq0D1LF2_blue_False.jpg,hnq0DLLF2
jss3BAJMD_blue_False.jpg,jss3BAJMD
